career,description,required_skills,interests,education
AI Engineer,"Designs and develops AI-powered applications and intelligent systems.","Python,Machine Learning,Deep Learning,TensorFlow,PyTorch,SQL","Artificial Intelligence,Machine Learning,Technology","BCA,BCA AI,B.Tech,BE,B.Sc,MCA"
Machine Learning Engineer,"Builds, trains and deploys machine learning models.","Python,Machine Learning,Scikit-learn,TensorFlow,Statistics,SQL","Machine Learning,Artificial Intelligence,Data Science","BCA,BCA AI,B.Tech,BE,B.Sc,MCA"
Data Scientist,"Analyzes data and builds predictive models to support business decisions.","Python,Statistics,Machine Learning,Pandas,NumPy,SQL","Data Science,Analytics,Artificial Intelligence","BCA,BCA AI,B.Tech,BE,B.Sc,MCA,MBA"
Data Analyst,"Analyzes datasets and creates reports and dashboards for decision making.","Python,SQL,Excel,Pandas,Power BI,Statistics","Data Analysis,Business,Analytics","BCA,BCA AI,B.Com,BBA,B.Sc,B.Tech,BE,MBA,MCA"
Data Engineer,"Builds data pipelines and manages large-scale data infrastructure.","Python,SQL,ETL,Database,Apache Spark,Cloud","Data Engineering,Technology,Cloud","BCA,BCA AI,B.Tech,BE,B.Sc,MCA"
Python Developer,"Develops software applications and backend systems using Python.","Python,Git,SQL,APIs,Django,Flask","Programming,Software Development,Technology","BCA,BCA AI,B.Tech,BE,MCA,B.Sc"
Full Stack Developer,"Develops complete web applications including frontend and backend systems.","HTML,CSS,JavaScript,React,Node.js,Python,SQL,Git","Web Development,Programming,Technology","BCA,BCA AI,B.Tech,BE,MCA,B.Sc"
Cloud Engineer,"Designs and manages cloud infrastructure and deployment systems.","AWS,Azure,Cloud,Python,Linux,Networking,Docker","Cloud Computing,Technology,Infrastructure","BCA,BCA AI,B.Tech,BE,MCA"
DevOps Engineer,"Automates software development, testing and deployment processes.","Linux,Docker,Kubernetes,AWS,Git,CI/CD,Python","DevOps,Cloud,Automation,Technology","BCA,BCA AI,B.Tech,BE,MCA"
Cybersecurity Analyst,"Monitors systems and protects organizations from cybersecurity threats.","Cybersecurity,Linux,Networking,Python,Ethical Hacking,SIEM","Cybersecurity,Networking,Technology","BCA,BCA AI,B.Tech,BE,MCA,B.Sc"
Software Developer,"Creates and maintains software applications for business and consumer needs.","Programming,Python,Java,SQL,Git,Problem Solving","Software Development,Programming,Technology","BCA,BCA AI,B.Tech,BE,MCA,B.Sc"
Web Developer,"Creates and maintains modern websites and web applications.","HTML,CSS,JavaScript,React,Git,Responsive Design","Web Development,Design,Technology","BCA,BCA AI,B.Tech,BE,MCA,B.Sc"
Database Administrator,"Manages databases, security, performance and data availability.","SQL,Database,MySQL,Oracle,Backup,Security","Database,Data,Technology","BCA,BCA AI,B.Tech,BE,MCA,B.Sc"
Business Analyst,"Analyzes business requirements and converts them into actionable technology or business solutions.","Excel,SQL,Power BI,Communication,Problem Solving,Requirements Analysis","Business Analysis,Management,Analytics,Technology","BCA,B.Com,BBA,B.Sc,B.Tech,BE,MBA,MCA"
Financial Analyst,"Analyzes financial data, budgets, investments and business performance.","Excel,Financial Analysis,Accounting,Finance,Power BI,Statistics","Finance,Investment,Analytics,Business","B.Com,BBA,MBA,B.Sc,BA"
Accountant,"Maintains financial records, prepares statements and manages accounting activities.","Accounting,Tally,Excel,Taxation,Bookkeeping,Financial Reporting","Accounting,Finance,Business","B.Com,BBA,MBA,Diploma"
Tax Consultant,"Provides tax planning, compliance and taxation-related advisory services.","Taxation,Accounting,Excel,GST,Finance,Communication","Taxation,Finance,Accounting,Business","B.Com,BBA,M.Com,MBA"
Banking Associate,"Handles banking operations, customer services and financial transactions.","Banking,Finance,Communication,Excel,Customer Service,Accounting","Banking,Finance,Customer Service","B.Com,BBA,BA,B.Sc,MBA"
Investment Analyst,"Researches investments and evaluates financial markets and investment opportunities.","Financial Analysis,Excel,Finance,Investment,Statistics,Research","Investment,Finance,Stock Market,Research","B.Com,BBA,B.Sc,MBA"
Digital Marketing Specialist,"Plans and executes digital marketing campaigns across online platforms.","Digital Marketing,SEO,Social Media,Google Analytics,Content Marketing,Communication","Marketing,Social Media,Digital Marketing,Content","BBA,B.Com,BA,B.Sc,MBA"
Marketing Executive,"Develops marketing campaigns, coordinates promotions and supports business growth.","Marketing,Communication,Sales,Social Media,Excel,Presentation","Marketing,Sales,Business,Communication","BBA,B.Com,BA,MBA"
Human Resources Executive,"Manages recruitment, employee relations, training and HR operations.","Communication,Recruitment,Excel,HR Management,Interviewing,Problem Solving","Human Resources,Management,People,Business","BBA,B.Com,BA,MBA"
Business Development Executive,"Identifies business opportunities and builds relationships with customers and clients.","Sales,Communication,Negotiation,CRM,Presentation,Marketing","Business Development,Sales,Marketing,Management","BBA,B.Com,BA,MBA"
Operations Manager,"Plans and manages daily business operations, processes and resources.","Operations Management,Excel,Problem Solving,Communication,Planning,Leadership","Operations,Management,Business,Leadership","BBA,B.Com,MBA"
Project Coordinator,"Coordinates project activities, schedules, teams and documentation.","Project Management,Communication,Excel,Planning,Leadership,Documentation","Project Management,Management,Technology,Business","BBA,B.Com,BCA,B.Tech,MBA,MCA"
Supply Chain Analyst,"Analyzes supply chain operations, inventory and logistics data.","Excel,Data Analysis,Supply Chain,SQL,Communication,Problem Solving","Supply Chain,Logistics,Analytics,Business","BBA,B.Com,B.Sc,B.Tech,MBA"
Data Visualization Analyst,"Creates visual dashboards and communicates insights through data visualization.","Power BI,Tableau,Excel,SQL,Python,Data Visualization","Data Visualization,Analytics,Design,Business","BCA,B.Com,BBA,B.Sc,B.Tech,MBA,MCA"
Research Analyst,"Conducts research, analyzes information and prepares reports for decision making.","Research,Statistics,Excel,Data Analysis,Communication,Report Writing","Research,Analytics,Data,Academics","BA,B.Com,BBA,B.Sc,B.Tech,MBA"
Content Writer,"Creates informative and engaging written content for websites, brands and digital platforms.","Writing,Communication,Research,SEO,Content Creation,Editing","Writing,Content,Media,Digital Marketing","BA,B.Com,BBA,BCA,B.Sc,MBA"
Content Strategist,"Plans content strategies and manages content development for digital audiences.","Content Strategy,SEO,Writing,Social Media,Research,Analytics","Content,Marketing,Media,Digital Marketing","BA,BBA,B.Com,BCA,MBA"
Graphic Designer,"Creates visual designs for brands, social media, websites and marketing campaigns.","Graphic Design,Canva,Photoshop,Illustrator,Creativity,Typography","Design,Creativity,Art,Media,Marketing","BA,BBA,B.Com,BCA,B.Des,Diploma"
UI/UX Designer,"Designs user interfaces and user experiences for websites and digital products.","UI Design,UX Design,Figma,Wireframing,Prototyping,Creativity","UI UX,Design,Technology,Creativity","BCA,BCA AI,BBA,BA,B.Des,B.Tech,Diploma"
Teacher / Trainer,"Provides education and training to students in academic or professional subjects.","Communication,Teaching,Presentation,Subject Knowledge,Leadership,Patience","Education,Teaching,Training,Communication","BA,B.Sc,B.Com,BCA,BBA,MCA,MBA"
Technical Support Specialist,"Provides technical assistance and resolves software, hardware and system-related issues.","Troubleshooting,Networking,Linux,Communication,Problem Solving,Customer Service","Technology,Support,Networking,Problem Solving","BCA,BCA AI,B.Tech,BE,B.Sc,MCA,Diploma"
Network Administrator,"Maintains computer networks, servers, connectivity and network security.","Networking,Linux,Cisco,Security,TCP/IP,Troubleshooting","Networking,Cybersecurity,Technology,Infrastructure","BCA,BCA AI,B.Tech,BE,B.Sc,MCA,Diploma"
Mobile App Developer,"Develops and maintains mobile applications for Android and other platforms.","Java,Kotlin,Flutter,Dart,APIs,Git,UI Development","Mobile Development,Programming,Technology","BCA,BCA AI,B.Tech,BE,MCA,B.Sc"
QA / Software Tester,"Tests software applications and identifies defects before product release.","Software Testing,Selenium,Python,SQL,API Testing,Problem Solving","Software Testing,Technology,Quality Assurance","BCA,BCA AI,B.Tech,BE,MCA,B.Sc"
AI Product Manager,"Coordinates AI product development by combining business requirements, technology and user needs.","Product Management,Artificial Intelligence,Communication,Analytics,Leadership,Problem Solving","AI,Product Management,Business,Technology","BCA,BCA AI,B.Tech,BE,MBA,MCA"
Entrepreneur,"Builds and manages a business by identifying opportunities and developing products or services.","Business,Marketing,Finance,Leadership,Communication,Problem Solving","Entrepreneurship,Business,Marketing,Innovation","BBA,B.Com,BA,BCA,B.Tech,B.Sc,MBA,MCA"